year,tile,image_id,status
2023,220062,LE72190622023132ASN00,success
2023,220062,LE72200622023015ASN00,success
2023,220062,LE72200622023032ASN00,success
2023,220062,LE72200622023093ASN00,success
2023,220062,LE72200622023115ASN00,success
2023,220062,LE72200622023137ASN00,success
2023,220062,LE72200622023159ASN00,success
2023,220062,LE72200622023181ASN00,success
2023,220062,LE72200622023203ASN00,success
2023,220062,LE72200622023208ASN00,success
2023,220062,LE72200622023230ASN00,success
2023,220062,LE72200622023252ASN00,success
2023,220062,LE72200622023257ASN00,success
2023,220062,LE72200622023279ASN00,success
2023,220062,LE72200622023284ASN00,success
2023,220062,LE72200622023306ASN00,success
2023,220062,LE72200622023311ASN00,success
2023,220062,LE72200622023338ASN00,success
2023,220062,LE72200622023343ASN00,success
2023,220062,LE72210622023037ASN00,success
2023,220062,LE72210622023076ASN00,success
2023,220062,LC82200622023007LGN00,success
2023,220062,LC82200622023023LGN00,success
2023,220062,LC82200622023039LGN00,success
2023,220062,LC82200622023055LGN00,success
2023,220062,LC82200622023071LGN00,success
2023,220062,LC82200622023087LGN00,success
2023,220062,LC82200622023103LGN00,success
2023,220062,LC82200622023119LGN00,success
2023,220062,LC82200622023135LGN00,success
2023,220062,LC82200622023151LGN00,success
2023,220062,LC82200622023167LGN00,success
2023,220062,LC82200622023183LGN00,success
2023,220062,LC82200622023199LGN00,success
2023,220062,LC82200622023215LGN00,success
2023,220062,LC82200622023231LGN00,success
2023,220062,LC82200622023247LGN00,success
2023,220062,LC82200622023263LGN00,success
2023,220062,LC82200622023279LGN00,success
2023,220062,LC82200622023295LGN00,success
2023,220062,LC82200622023311LGN00,success
2023,220062,LC82200622023327LGN00,success
2023,220062,LC82200622023343LGN00,success
2023,220062,LC82200622023359LGN00,success
2023,220062,LC92200622023015LGN01,success
2023,220062,LC92200622023031LGN01,success
2023,220062,LC92200622023063LGN00,success
2023,220062,LC92200622023095LGN00,success
2023,220062,LC92200622023111LGN00,success
2023,220062,LC92200622023127LGN00,success
2023,220062,LC92200622023143LGN00,success
2023,220062,LC92200622023159LGN01,success
2023,220062,LC92200622023175LGN00,success
2023,220062,LC92200622023191LGN00,success
2023,220062,LC92200622023207LGN00,success
2023,220062,LC92200622023223LGN00,success
2023,220062,LC92200622023239LGN00,success
2023,220062,LC92200622023255LGN00,success
2023,220062,LC92200622023271LGN00,success
2023,220062,LC92200622023287LGN00,success
2023,220062,LC92200622023303LGN00,success
2023,220062,LC92200622023319LGN00,success
2023,220062,LC92200622023335LGN00,success
2023,220062,LC92200622023351LGN00,success
2023,221068,LC82210682023190LGN00,success
2023,221068,LE72210682023289ASN00,success
2023,221068,LE72210682023316ASN00,success
2023,220067,LE72210672023037ASN00,success
2023,220067,LC82200672023295LGN00,success
2023,220067,LE72200672023032ASN00,success
2023,220067,LC92200672023335LGN00,success
2023,220067,LE72200672023181ASN00,success
2023,220067,LE72200672023252ASN00,success
2023,220067,LC92200672023271LGN00,success